,mae,rmse,r2
baseline_all_features,30.545636111927504,44.37162750366867,0.7373921938738609
shap_top20,30.122204091268852,45.42431328521091,0.7247840145660577
