{
  "mae": 71.33567630783693,
  "rmse": 111.49777192812832,
  "r2": 0.6959335173426404,
  "n_rows": 9880,
  "n_features": 937,
  "best_iteration": 2000
}