{
  "mae": 25.476003290896642,
  "rmse": 34.83012421081887,
  "r2": 0.7919114417833352,
  "n_rows": 2612,
  "n_features": 920,
  "best_iteration": 371
}