{
  "mae": 80.06294283128088,
  "rmse": 124.85562117579609,
  "r2": 0.6040086743494542,
  "n_rows": 9028,
  "n_features": 941,
  "best_iteration": 120
}