{
  "mae": 79.11471332973224,
  "rmse": 124.65828047363892,
  "r2": 0.605259454239008,
  "n_rows": 9028,
  "n_features": 942,
  "best_iteration": 134
}