{
  "mae": 67.73390515441315,
  "rmse": 107.43693218277926,
  "r2": 0.6763117709294886,
  "n_rows": 8914,
  "n_features": 942,
  "best_iteration": 4997
}