{
  "mae": 30.122204091268852,
  "rmse": 45.42431328521091,
  "r2": 0.7247840145660577
}