{
  "mae": 30.545636111927504,
  "rmse": 44.37162750366867,
  "r2": 0.7373921938738609,
  "n_train": 2129,
  "n_valid": 533
}